-- phpMyAdmin SQL Dump
-- version 5.2.0
-- https://www.phpmyadmin.net/
--
-- Hôte : 127.0.0.1
-- Généré le : jeu. 09 mars 2023 à 14:13
-- Version du serveur : 10.4.27-MariaDB
-- Version de PHP : 8.1.12

SET SQL_MODE = "NO_AUTO_VALUE_ON_ZERO";
START TRANSACTION;
SET time_zone = "+00:00";


/*!40101 SET @OLD_CHARACTER_SET_CLIENT=@@CHARACTER_SET_CLIENT */;
/*!40101 SET @OLD_CHARACTER_SET_RESULTS=@@CHARACTER_SET_RESULTS */;
/*!40101 SET @OLD_COLLATION_CONNECTION=@@COLLATION_CONNECTION */;
/*!40101 SET NAMES utf8mb4 */;

--
-- Base de données : `projet_web`
--

-- --------------------------------------------------------

--
-- Structure de la table `jeu`
--

CREATE TABLE `jeu` (
  `idJeu` int(11) NOT NULL,
  `nom` varchar(20) NOT NULL
) ENGINE=InnoDB DEFAULT CHARSET=utf8mb4 COLLATE=utf8mb4_general_ci;

--
-- Déchargement des données de la table `jeu`
--

INSERT INTO `jeu` (`idJeu`, `nom`) VALUES
(1, 'countdown'),
(2, 'timer'),
(3, 'qte');

-- --------------------------------------------------------

--
-- Structure de la table `score`
--

CREATE TABLE `score` (
  `idUser` int(11) NOT NULL,
  `idJeu` int(11) NOT NULL,
  `personalBest` float DEFAULT NULL
) ENGINE=InnoDB DEFAULT CHARSET=utf8mb4 COLLATE=utf8mb4_general_ci;

--
-- Déchargement des données de la table `score`
--

INSERT INTO `score` (`idUser`, `idJeu`, `personalBest`) VALUES
(1, 1, 2.56),
(1, 2, 3.43),
(1, 3, 1.86),
(2, 1, 2.11),
(2, 2, 7.33),
(2, 3, 2.47),
(3, 1, 2.9),
(3, 2, 6.68),
(3, 3, 0.63),
(4, 1, 0.34),
(4, 2, 7.76),
(4, 3, 1.95),
(5, 1, 2.56),
(5, 2, 5.14),
(5, 3, 0.85),
(6, 1, 2.07),
(6, 2, 0.88),
(6, 3, 1.68),
(7, 1, 0.49),
(7, 2, 5.16),
(7, 3, 0.64),
(8, 1, 2.46),
(8, 2, 5.34),
(8, 3, 1.13),
(9, 1, 0.78),
(9, 2, 3.9),
(9, 3, 1.11),
(10, 1, 2.16),
(10, 2, 2.6),
(10, 3, 1.82),
(11, 1, 1.89),
(11, 2, 7.54),
(11, 3, 1.83),
(12, 1, 1.28),
(12, 2, 3.91),
(12, 3, 1.3),
(13, 1, 2.19),
(13, 2, 1.6),
(13, 3, 1.73),
(14, 1, 2.77),
(14, 2, 2.92),
(14, 3, 0.78),
(15, 1, 2.14),
(15, 2, 7.23),
(15, 3, 1.78),
(16, 1, 2.72),
(16, 2, 0.6),
(16, 3, 0.66),
(17, 1, 2.49),
(17, 2, 5.72),
(17, 3, 2.93),
(18, 1, 0.35),
(18, 2, 0.52),
(18, 3, 0.85),
(19, 1, 1.52),
(19, 2, 6.86),
(19, 3, 2.4),
(20, 1, 0.51),
(20, 2, 6.96),
(20, 3, 1.87),
(21, 1, 0.98),
(21, 2, 4.34),
(21, 3, 0.82),
(22, 1, 1.34),
(22, 2, 7.57),
(22, 3, 2.36),
(23, 1, 1.08),
(23, 2, 1.57),
(23, 3, 1.55),
(24, 1, 1.96),
(24, 2, 4.71),
(24, 3, 1.19),
(25, 1, 1.16),
(25, 2, 8),
(25, 3, 2.76),
(26, 1, 1.92),
(26, 2, 3.94),
(26, 3, 1.5),
(27, 1, 2.89),
(27, 2, 3.47),
(27, 3, 2.23),
(28, 1, 1.86),
(28, 2, 3.28),
(28, 3, 2.12),
(29, 1, 1.8),
(29, 2, 0.58),
(29, 3, 1.92),
(30, 1, 0.97),
(30, 2, 7.96),
(30, 3, 1.08),
(31, 1, 1.62),
(31, 2, 7.17),
(31, 3, 2.82),
(32, 1, 2.53),
(32, 2, 5.91),
(32, 3, 1.47),
(33, 1, 1.09),
(33, 2, 1.99),
(33, 3, 1.93),
(34, 1, 0.35),
(34, 2, 2.54),
(34, 3, 1.86),
(35, 1, 0.89),
(35, 2, 2.11),
(35, 3, 2.87),
(36, 1, 1.02),
(36, 2, 4.33),
(36, 3, 2.52),
(37, 1, 0.84),
(37, 2, 4.57),
(37, 3, 0.62),
(38, 1, 2.64),
(38, 2, 2.8),
(38, 3, 2.69),
(39, 1, 0.71),
(39, 2, 0.84),
(39, 3, 0.61),
(40, 1, 1.19),
(40, 2, 1.42),
(40, 3, 1.5),
(41, 1, 1.59),
(41, 2, 7.87),
(41, 3, 2.75),
(42, 1, 2.06),
(42, 2, 0.68),
(42, 3, 2.55),
(43, 1, 2.27),
(43, 2, 6.9),
(43, 3, 0.84),
(44, 1, 0.95),
(44, 2, 6.03),
(44, 3, 1.53),
(45, 1, 2.09),
(45, 2, 1.53),
(45, 3, 1.31),
(46, 1, 2.26),
(46, 2, 2.37),
(46, 3, 2.13),
(47, 1, 0.31),
(47, 2, 5.56),
(47, 3, 2.99),
(48, 1, 1.35),
(48, 2, 6.94),
(48, 3, 0.79),
(49, 1, 1.95),
(49, 2, 7.13),
(49, 3, 1.08),
(50, 1, 0.28),
(50, 2, 7.09),
(50, 3, 2.04),
(51, 1, 0.49),
(51, 2, 3),
(51, 3, 1.53),
(52, 1, 2.13),
(52, 2, 7.26),
(52, 3, 2.1),
(53, 1, 2.45),
(53, 2, 2.66),
(53, 3, 0.74),
(54, 1, 1.62),
(54, 2, 6.9),
(54, 3, 1.92),
(55, 1, 1.14),
(55, 2, 5.31),
(55, 3, 2.04),
(56, 1, 2.36),
(56, 2, 3.1),
(56, 3, 2.99),
(57, 1, 1.7),
(57, 2, 4.71),
(57, 3, 2.84),
(58, 1, 2.29),
(58, 2, 5.95),
(58, 3, 0.74),
(59, 1, 2.52),
(59, 2, 6.72),
(59, 3, 2.98),
(60, 1, 0.44),
(60, 2, 3.71),
(60, 3, 2.94),
(61, 1, 2.55),
(61, 2, 2.71),
(61, 3, 0.75),
(62, 1, 1.7),
(62, 2, 6.21),
(62, 3, 1.37),
(63, 1, 1.29),
(63, 2, 6.46),
(63, 3, 2.18),
(64, 1, 2.78),
(64, 2, 1.7),
(64, 3, 2.69),
(65, 1, 0.72),
(65, 2, 2.45),
(65, 3, 0.8),
(66, 1, 2.11),
(66, 2, 7),
(66, 3, 2.25),
(67, 1, 1.87),
(67, 2, 0.98),
(67, 3, 1.71),
(68, 1, 0.24),
(68, 2, 5.54),
(68, 3, 1.89),
(69, 1, 0.99),
(69, 2, 4.51),
(69, 3, 1.86),
(70, 1, 1.78),
(70, 2, 2.97),
(70, 3, 0.62),
(71, 1, 1.25),
(71, 2, 3.04),
(71, 3, 2.43),
(72, 1, 2.37),
(72, 2, 3.28),
(72, 3, 1.41),
(73, 1, 1.18),
(73, 2, 6.17),
(73, 3, 1.28),
(74, 1, 0.43),
(74, 2, 7.07),
(74, 3, 2.6),
(75, 1, 2.59),
(75, 2, 7.33),
(75, 3, 2.53),
(76, 1, 0.32),
(76, 2, 4.83),
(76, 3, 2.94),
(77, 1, 0.57),
(77, 2, 2.22),
(77, 3, 2.47),
(78, 1, 1.71),
(78, 2, 6.12),
(78, 3, 2.52),
(79, 1, 1.54),
(79, 2, 4.06),
(79, 3, 2.31),
(80, 1, 2.76),
(80, 2, 2.67),
(80, 3, 0.64),
(81, 1, 1.78),
(81, 2, 2.29),
(81, 3, 2.94),
(82, 1, 0.56),
(82, 2, 7.21),
(82, 3, 1.39),
(83, 1, 2.86),
(83, 2, 7.26),
(83, 3, 1.27),
(84, 1, 2.45),
(84, 2, 7.82),
(84, 3, 0.7),
(85, 1, 0.81),
(85, 2, 6.42),
(85, 3, 1.69),
(86, 1, 1.54),
(86, 2, 5.98),
(86, 3, 2.44),
(87, 1, 0.55),
(87, 2, 4),
(87, 3, 2.62),
(88, 1, 0.76),
(88, 2, 3.39),
(88, 3, 2.54),
(89, 1, 2.56),
(89, 2, 2.3),
(89, 3, 1.44),
(90, 1, 0.74),
(90, 2, 3.95),
(90, 3, 2.2),
(91, 1, 2.47),
(91, 2, 7.22),
(91, 3, 0.56),
(92, 1, 1.97),
(92, 2, 4.24),
(92, 3, 0.96),
(93, 1, 1.79),
(93, 2, 4.43),
(93, 3, 1.23),
(94, 1, 1.81),
(94, 2, 2.82),
(94, 3, 1.17),
(95, 1, 0.28),
(95, 2, 5.86),
(95, 3, 2.57),
(96, 1, 0.8),
(96, 2, 7.45),
(96, 3, 2.69),
(97, 1, 2.51),
(97, 2, 5.78),
(97, 3, 2.5),
(98, 1, 0.79),
(98, 2, 1.71),
(98, 3, 0.81),
(99, 1, 2.68),
(99, 2, 5.8),
(99, 3, 2.45),
(100, 1, 2.92),
(100, 2, 6.34),
(100, 3, 2.51),
(101, 1, 0.37),
(101, 2, 1.08),
(101, 3, 0.57),
(102, 1, 1.56),
(102, 2, 2.84),
(102, 3, 2.32),
(103, 1, 2.2),
(103, 2, 4.07),
(103, 3, 2.95),
(104, 1, 0.28),
(104, 2, 3.35),
(104, 3, 1.91),
(105, 1, 2.01),
(105, 2, 3.83),
(105, 3, 2.69),
(106, 1, 0.56),
(106, 2, 7.97),
(106, 3, 1.59),
(107, 1, 2.96),
(107, 2, 0.76),
(107, 3, 2.85),
(108, 1, 0.59),
(108, 2, 4.34),
(108, 3, 0.88),
(109, 1, 2.34),
(109, 2, 6.42),
(109, 3, 1.47),
(110, 1, 1.09),
(110, 2, 2.71),
(110, 3, 0.72),
(111, 1, 2.81),
(111, 2, 7.81),
(111, 3, 2.14),
(112, 1, 0.2),
(112, 2, 1.81),
(112, 3, 1.42),
(113, 1, 0.69),
(113, 2, 1.16),
(113, 3, 2.67),
(114, 1, 1.59),
(114, 2, 1.16),
(114, 3, 2.44),
(115, 1, 1.75),
(115, 2, 5.55),
(115, 3, 0.85),
(116, 1, 1.64),
(116, 2, 2.74),
(116, 3, 2.71),
(117, 1, 2.73),
(117, 2, 2.16),
(117, 3, 2.04),
(118, 1, 0.75),
(118, 2, 7.83),
(118, 3, 0.61),
(119, 1, 0.98),
(119, 2, 5.93),
(119, 3, 0.81),
(120, 1, 0.8),
(120, 2, 3.51),
(120, 3, 2.71),
(121, 1, 0.98),
(121, 2, 1.07),
(121, 3, 2.27),
(122, 1, 2.04),
(122, 2, 4.1),
(122, 3, 1.56),
(123, 1, 2.33),
(123, 2, 2.9),
(123, 3, 2.81),
(124, 1, 1.37),
(124, 2, 2.17),
(124, 3, 2.34),
(125, 1, 1.82),
(125, 2, 2.17),
(125, 3, 0.53),
(126, 1, 0.43),
(126, 2, 1.17),
(126, 3, 2.29),
(127, 1, 0.76),
(127, 2, 2.56),
(127, 3, 2.67),
(128, 1, 2.4),
(128, 2, 0.65),
(128, 3, 1.22),
(129, 1, 1.89),
(129, 2, 5.46),
(129, 3, 2.36),
(130, 1, 1.51),
(130, 2, 3.67),
(130, 3, 2.99),
(131, 1, 0.75),
(131, 2, 6.46),
(131, 3, 1.56),
(132, 1, 2.49),
(132, 2, 0.86),
(132, 3, 2.31),
(133, 1, 1.09),
(133, 2, 2.88),
(133, 3, 1.87),
(134, 1, 2.98),
(134, 2, 7.88),
(134, 3, 2.85),
(135, 1, 2),
(135, 2, 6.06),
(135, 3, 2.84),
(136, 1, 1.76),
(136, 2, 7.99),
(136, 3, 0.89),
(137, 1, 2.78),
(137, 2, 3.03),
(137, 3, 2.47),
(138, 1, 0.35),
(138, 2, 7.19),
(138, 3, 2.38),
(139, 1, 0.35),
(139, 2, 0.98),
(139, 3, 0.93),
(140, 1, 2.75),
(140, 2, 5.14),
(140, 3, 1.6),
(141, 1, 2.04),
(141, 2, 3.5),
(141, 3, 0.6),
(142, 1, 2.91),
(142, 2, 3.35),
(142, 3, 1.78),
(143, 1, 0.94),
(143, 2, 7.94),
(143, 3, 1.96),
(144, 1, 0.67),
(144, 2, 1.2),
(144, 3, 1.68),
(145, 1, 0.64),
(145, 2, 6.43),
(145, 3, 0.64),
(146, 1, 0.39),
(146, 2, 7.52),
(146, 3, 1.12),
(147, 1, 0.77),
(147, 2, 0.52),
(147, 3, 0.58),
(148, 1, 2.14),
(148, 2, 4.25),
(148, 3, 1.91),
(149, 1, 1.27),
(149, 2, 6.44),
(149, 3, 2.67),
(150, 1, 2.75),
(150, 2, 1.98),
(150, 3, 2.74),
(151, 1, 0.71),
(151, 2, 5.68),
(151, 3, 1.19),
(152, 1, 2.36),
(152, 2, 0.58),
(152, 3, 0.64),
(153, 1, 0.71),
(153, 2, 4.47),
(153, 3, 1.73),
(154, 1, 1.29),
(154, 2, 0.54),
(154, 3, 1.25),
(155, 1, 0.39),
(155, 2, 1.65),
(155, 3, 0.95),
(156, 1, 2.03),
(156, 2, 5.47),
(156, 3, 1.31),
(157, 1, 0.58),
(157, 2, 7.01),
(157, 3, 2.9),
(158, 1, 1.03),
(158, 2, 4.97),
(158, 3, 2.53),
(159, 1, 1.32),
(159, 2, 4.13),
(159, 3, 2.89),
(160, 1, 1.3),
(160, 2, 4.83),
(160, 3, 2.57),
(161, 1, 0.58),
(161, 2, 1.61),
(161, 3, 0.59),
(162, 1, 0.44),
(162, 2, 7.51),
(162, 3, 1.23),
(163, 1, 0.66),
(163, 2, 3.03),
(163, 3, 1.98),
(164, 1, 1.33),
(164, 2, 3.35),
(164, 3, 1.48),
(165, 1, 0.54),
(165, 2, 0.93),
(165, 3, 2.38),
(166, 1, 0.62),
(166, 2, 2.82),
(166, 3, 2.35),
(167, 1, 1.69),
(167, 2, 2.63),
(167, 3, 2.57),
(168, 1, 1.42),
(168, 2, 5.28),
(168, 3, 0.88),
(169, 1, 0.33),
(169, 2, 7.87),
(169, 3, 1.73),
(170, 1, 2.08),
(170, 2, 3.41),
(170, 3, 1.99),
(171, 1, 0.86),
(171, 2, 5.52),
(171, 3, 2.72),
(172, 1, 0.69),
(172, 2, 3.58),
(172, 3, 0.63),
(173, 1, 1.19),
(173, 2, 7.28),
(173, 3, 2.92),
(174, 1, 0.33),
(174, 2, 5.8),
(174, 3, 1.54),
(175, 1, 2.13),
(175, 2, 6.38),
(175, 3, 1.47),
(176, 1, 0.4),
(176, 2, 4.41),
(176, 3, 1.38),
(177, 1, 2.58),
(177, 2, 6.37),
(177, 3, 1.64),
(178, 1, 0.94),
(178, 2, 5.67),
(178, 3, 0.55),
(179, 1, 2.1),
(179, 2, 3.62),
(179, 3, 0.7),
(180, 1, 0.88),
(180, 2, 1.61),
(180, 3, 1.47),
(181, 1, 0.39),
(181, 2, 1.26),
(181, 3, 2.89),
(182, 1, 1.94),
(182, 2, 4.17),
(182, 3, 1.28),
(183, 1, 0.32),
(183, 2, 5.47),
(183, 3, 1.82),
(184, 1, 0.42),
(184, 2, 3.65),
(184, 3, 1.72),
(185, 1, 1.65),
(185, 2, 6.1),
(185, 3, 2.19),
(186, 1, 0.82),
(186, 2, 6.79),
(186, 3, 1.16),
(187, 1, 2.23),
(187, 2, 5.05),
(187, 3, 2.16),
(188, 1, 1.6),
(188, 2, 3.06),
(188, 3, 2.9),
(189, 1, 2.13),
(189, 2, 4.83),
(189, 3, 1.24),
(190, 1, 1.36),
(190, 2, 7.26),
(190, 3, 1.09),
(191, 1, 2.91),
(191, 2, 7.35),
(191, 3, 2.17),
(192, 1, 1.98),
(192, 2, 0.88),
(192, 3, 1.08),
(193, 1, 0.47),
(193, 2, 0.63),
(193, 3, 2.88),
(194, 1, 2),
(194, 2, 6.67),
(194, 3, 1.47),
(195, 1, 1.39),
(195, 2, 5.12),
(195, 3, 1.85),
(196, 1, 1.16),
(196, 2, 0.79),
(196, 3, 2.99),
(197, 1, 2.93),
(197, 2, 1.73),
(197, 3, 1.93),
(198, 1, 1.41),
(198, 2, 6.09),
(198, 3, 1.61),
(199, 1, 2.58),
(199, 2, 6.51),
(199, 3, 1.94),
(200, 1, 1.96),
(200, 2, 1.99),
(200, 3, 0.94);

-- --------------------------------------------------------

--
-- Structure de la table `user`
--

CREATE TABLE `user` (
  `idUser` int(11) NOT NULL,
  `username` varchar(10) NOT NULL,
  `password` varchar(20) NOT NULL
) ENGINE=InnoDB DEFAULT CHARSET=utf8mb4 COLLATE=utf8mb4_general_ci;

--
-- Déchargement des données de la table `user`
--

INSERT INTO `user` (`idUser`, `username`, `password`) VALUES
(1, 'user1', 'test'),
(2, 'user2', 'test'),
(3, 'user3', 'test'),
(4, 'user4', 'test'),
(5, 'user5', 'test'),
(6, 'user6', 'test'),
(7, 'user7', 'test'),
(8, 'user8', 'test'),
(9, 'user9', 'test'),
(10, 'user10', 'test'),
(11, 'user11', 'test'),
(12, 'user12', 'test'),
(13, 'user13', 'test'),
(14, 'user14', 'test'),
(15, 'user15', 'test'),
(16, 'user16', 'test'),
(17, 'user17', 'test'),
(18, 'user18', 'test'),
(19, 'user19', 'test'),
(20, 'user20', 'test'),
(21, 'user21', 'test'),
(22, 'user22', 'test'),
(23, 'user23', 'test'),
(24, 'user24', 'test'),
(25, 'user25', 'test'),
(26, 'user26', 'test'),
(27, 'user27', 'test'),
(28, 'user28', 'test'),
(29, 'user29', 'test'),
(30, 'user30', 'test'),
(31, 'user31', 'test'),
(32, 'user32', 'test'),
(33, 'user33', 'test'),
(34, 'user34', 'test'),
(35, 'user35', 'test'),
(36, 'user36', 'test'),
(37, 'user37', 'test'),
(38, 'user38', 'test'),
(39, 'user39', 'test'),
(40, 'user40', 'test'),
(41, 'user41', 'test'),
(42, 'user42', 'test'),
(43, 'user43', 'test'),
(44, 'user44', 'test'),
(45, 'user45', 'test'),
(46, 'user46', 'test'),
(47, 'user47', 'test'),
(48, 'user48', 'test'),
(49, 'user49', 'test'),
(50, 'user50', 'test'),
(51, 'user51', 'test'),
(52, 'user52', 'test'),
(53, 'user53', 'test'),
(54, 'user54', 'test'),
(55, 'user55', 'test'),
(56, 'user56', 'test'),
(57, 'user57', 'test'),
(58, 'user58', 'test'),
(59, 'user59', 'test'),
(60, 'user60', 'test'),
(61, 'user61', 'test'),
(62, 'user62', 'test'),
(63, 'user63', 'test'),
(64, 'user64', 'test'),
(65, 'user65', 'test'),
(66, 'user66', 'test'),
(67, 'user67', 'test'),
(68, 'user68', 'test'),
(69, 'user69', 'test'),
(70, 'user70', 'test'),
(71, 'user71', 'test'),
(72, 'user72', 'test'),
(73, 'user73', 'test'),
(74, 'user74', 'test'),
(75, 'user75', 'test'),
(76, 'user76', 'test'),
(77, 'user77', 'test'),
(78, 'user78', 'test'),
(79, 'user79', 'test'),
(80, 'user80', 'test'),
(81, 'user81', 'test'),
(82, 'user82', 'test'),
(83, 'user83', 'test'),
(84, 'user84', 'test'),
(85, 'user85', 'test'),
(86, 'user86', 'test'),
(87, 'user87', 'test'),
(88, 'user88', 'test'),
(89, 'user89', 'test'),
(90, 'user90', 'test'),
(91, 'user91', 'test'),
(92, 'user92', 'test'),
(93, 'user93', 'test'),
(94, 'user94', 'test'),
(95, 'user95', 'test'),
(96, 'user96', 'test'),
(97, 'user97', 'test'),
(98, 'user98', 'test'),
(99, 'user99', 'test'),
(100, 'user100', 'test'),
(101, 'user101', 'test'),
(102, 'user102', 'test'),
(103, 'user103', 'test'),
(104, 'user104', 'test'),
(105, 'user105', 'test'),
(106, 'user106', 'test'),
(107, 'user107', 'test'),
(108, 'user108', 'test'),
(109, 'user109', 'test'),
(110, 'user110', 'test'),
(111, 'user111', 'test'),
(112, 'user112', 'test'),
(113, 'user113', 'test'),
(114, 'user114', 'test'),
(115, 'user115', 'test'),
(116, 'user116', 'test'),
(117, 'user117', 'test'),
(118, 'user118', 'test'),
(119, 'user119', 'test'),
(120, 'user120', 'test'),
(121, 'user121', 'test'),
(122, 'user122', 'test'),
(123, 'user123', 'test'),
(124, 'user124', 'test'),
(125, 'user125', 'test'),
(126, 'user126', 'test'),
(127, 'user127', 'test'),
(128, 'user128', 'test'),
(129, 'user129', 'test'),
(130, 'user130', 'test'),
(131, 'user131', 'test'),
(132, 'user132', 'test'),
(133, 'user133', 'test'),
(134, 'user134', 'test'),
(135, 'user135', 'test'),
(136, 'user136', 'test'),
(137, 'user137', 'test'),
(138, 'user138', 'test'),
(139, 'user139', 'test'),
(140, 'user140', 'test'),
(141, 'user141', 'test'),
(142, 'user142', 'test'),
(143, 'user143', 'test'),
(144, 'user144', 'test'),
(145, 'user145', 'test'),
(146, 'user146', 'test'),
(147, 'user147', 'test'),
(148, 'user148', 'test'),
(149, 'user149', 'test'),
(150, 'user150', 'test'),
(151, 'user151', 'test'),
(152, 'user152', 'test'),
(153, 'user153', 'test'),
(154, 'user154', 'test'),
(155, 'user155', 'test'),
(156, 'user156', 'test'),
(157, 'user157', 'test'),
(158, 'user158', 'test'),
(159, 'user159', 'test'),
(160, 'user160', 'test'),
(161, 'user161', 'test'),
(162, 'user162', 'test'),
(163, 'user163', 'test'),
(164, 'user164', 'test'),
(165, 'user165', 'test'),
(166, 'user166', 'test'),
(167, 'user167', 'test'),
(168, 'user168', 'test'),
(169, 'user169', 'test'),
(170, 'user170', 'test'),
(171, 'user171', 'test'),
(172, 'user172', 'test'),
(173, 'user173', 'test'),
(174, 'user174', 'test'),
(175, 'user175', 'test'),
(176, 'user176', 'test'),
(177, 'user177', 'test'),
(178, 'user178', 'test'),
(179, 'user179', 'test'),
(180, 'user180', 'test'),
(181, 'user181', 'test'),
(182, 'user182', 'test'),
(183, 'user183', 'test'),
(184, 'user184', 'test'),
(185, 'user185', 'test'),
(186, 'user186', 'test'),
(187, 'user187', 'test'),
(188, 'user188', 'test'),
(189, 'user189', 'test'),
(190, 'user190', 'test'),
(191, 'user191', 'test'),
(192, 'user192', 'test'),
(193, 'user193', 'test'),
(194, 'user194', 'test'),
(195, 'user195', 'test'),
(196, 'user196', 'test'),
(197, 'user197', 'test'),
(198, 'user198', 'test'),
(199, 'user199', 'test'),
(200, 'user200', 'test');

--
-- Index pour les tables déchargées
--

--
-- Index pour la table `jeu`
--
ALTER TABLE `jeu`
  ADD PRIMARY KEY (`idJeu`);

--
-- Index pour la table `score`
--
ALTER TABLE `score`
  ADD PRIMARY KEY (`idUser`,`idJeu`),
  ADD KEY `idJeu` (`idJeu`);

--
-- Index pour la table `user`
--
ALTER TABLE `user`
  ADD PRIMARY KEY (`idUser`),
  ADD UNIQUE KEY `username` (`username`);

--
-- AUTO_INCREMENT pour les tables déchargées
--

--
-- AUTO_INCREMENT pour la table `jeu`
--
ALTER TABLE `jeu`
  MODIFY `idJeu` int(11) NOT NULL AUTO_INCREMENT, AUTO_INCREMENT=4;

--
-- AUTO_INCREMENT pour la table `user`
--
ALTER TABLE `user`
  MODIFY `idUser` int(11) NOT NULL AUTO_INCREMENT, AUTO_INCREMENT=216;

--
-- Contraintes pour les tables déchargées
--

--
-- Contraintes pour la table `score`
--
ALTER TABLE `score`
  ADD CONSTRAINT `score_ibfk_1` FOREIGN KEY (`idJeu`) REFERENCES `jeu` (`idJeu`),
  ADD CONSTRAINT `score_ibfk_2` FOREIGN KEY (`idUser`) REFERENCES `user` (`idUser`);
COMMIT;

/*!40101 SET CHARACTER_SET_CLIENT=@OLD_CHARACTER_SET_CLIENT */;
/*!40101 SET CHARACTER_SET_RESULTS=@OLD_CHARACTER_SET_RESULTS */;
/*!40101 SET COLLATION_CONNECTION=@OLD_COLLATION_CONNECTION */;
